"Year","Expected_Return_SB"
2018,0.917073170731707
2019,0.970761421319797
2020,0.904929577464789
2021,0.935180412371134
2022,0.90603325415677
2023,1.00305331179321
