"Year","Expected_Return_SB"
2018,0.892193250357168
2019,0.940151004284682
2020,0.877315229840687
2021,0.916276143545207
2022,0.887243729042891
2023,0.968305876104729
